INSERT INTO recipe(id, name, people) VALUES(1, 'Baked Omelet With Broccoli & Tomato', 4);
INSERT INTO ingredient(id, name) VALUES(1, 'milk');
INSERT INTO ingredient(id, name) VALUES(2, 'cottage cheese');
INSERT INTO ingredient(id, name) VALUES(3, 'broccoli');
INSERT INTO ingredient(id, name) VALUES(4, 'cheddar cheese');
INSERT INTO ingredient(id, name) VALUES(5, 'basil');
INSERT INTO ingredient(id, name) VALUES(6, 'onion powder');
INSERT INTO ingredient(id, name) VALUES(7, 'eggs');
INSERT INTO ingredient(id, name) VALUES(8, 'garlic powder');
INSERT INTO ingredient(id, name) VALUES(9, 'roma tomato');
INSERT INTO ingredient(id, name) VALUES(10, 'salt');
INSERT INTO ingredient_list(recipe_id, ingredient_id, amount) VALUES(1, 1, 14);
INSERT INTO ingredient_list(recipe_id, ingredient_id, amount) VALUES(1, 2, 8);
INSERT INTO ingredient_list(recipe_id, ingredient_id, amount) VALUES(1, 3, 9);
INSERT INTO ingredient_list(recipe_id, ingredient_id, amount) VALUES(1, 4, 19);
INSERT INTO ingredient_list(recipe_id, ingredient_id, amount) VALUES(1, 5, 2);
INSERT INTO ingredient_list(recipe_id, ingredient_id, amount) VALUES(1, 6, 8);
INSERT INTO ingredient_list(recipe_id, ingredient_id, amount) VALUES(1, 7, 13);
INSERT INTO ingredient_list(recipe_id, ingredient_id, amount) VALUES(1, 8, 8);
INSERT INTO ingredient_list(recipe_id, ingredient_id, amount) VALUES(1, 9, 20);
INSERT INTO ingredient_list(recipe_id, ingredient_id, amount) VALUES(1, 10, 19);
INSERT INTO recipe(id, name, people) VALUES(2, 'Mild Curry Omelet', 3);
INSERT INTO ingredient(id, name) VALUES(11, 'coriander');
INSERT INTO ingredient(id, name) VALUES(12, 'cumin');
INSERT INTO ingredient(id, name) VALUES(13, 'garlic');
INSERT INTO ingredient(id, name) VALUES(14, 'green onion');
INSERT INTO ingredient(id, name) VALUES(15, 'vegetable oil');
INSERT INTO ingredient(id, name) VALUES(16, 'onions');
INSERT INTO ingredient(id, name) VALUES(17, 'red pepper');
INSERT INTO ingredient(id, name) VALUES(18, 'turmeric');
INSERT INTO ingredient_list(recipe_id, ingredient_id, amount) VALUES(2, 11, 4);
INSERT INTO ingredient_list(recipe_id, ingredient_id, amount) VALUES(2, 12, 19);
INSERT INTO ingredient_list(recipe_id, ingredient_id, amount) VALUES(2, 7, 11);
INSERT INTO ingredient_list(recipe_id, ingredient_id, amount) VALUES(2, 13, 8);
INSERT INTO ingredient_list(recipe_id, ingredient_id, amount) VALUES(2, 14, 15);
INSERT INTO ingredient_list(recipe_id, ingredient_id, amount) VALUES(2, 15, 11);
INSERT INTO ingredient_list(recipe_id, ingredient_id, amount) VALUES(2, 16, 1);
INSERT INTO ingredient_list(recipe_id, ingredient_id, amount) VALUES(2, 17, 5);
INSERT INTO ingredient_list(recipe_id, ingredient_id, amount) VALUES(2, 10, 18);
INSERT INTO ingredient_list(recipe_id, ingredient_id, amount) VALUES(2, 18, 9);
INSERT INTO recipe(id, name, people) VALUES(3, 'Light Italian Feta Omelet', 3);
INSERT INTO ingredient(id, name) VALUES(19, 'egg substitute');
INSERT INTO ingredient(id, name) VALUES(20, 'feta cheese');
INSERT INTO ingredient_list(recipe_id, ingredient_id, amount) VALUES(3, 19, 2);
INSERT INTO ingredient_list(recipe_id, ingredient_id, amount) VALUES(3, 20, 11);
INSERT INTO ingredient_list(recipe_id, ingredient_id, amount) VALUES(3, 5, 11);
INSERT INTO ingredient_list(recipe_id, ingredient_id, amount) VALUES(3, 9, 8);
INSERT INTO ingredient_list(recipe_id, ingredient_id, amount) VALUES(3, 10, 6);
INSERT INTO recipe(id, name, people) VALUES(4, 'Awesome Cajun Omelet', 3);
INSERT INTO ingredient(id, name) VALUES(21, 'bacon');
INSERT INTO ingredient(id, name) VALUES(22, 'butter');
INSERT INTO ingredient(id, name) VALUES(23, 'cajun seasoning');
INSERT INTO ingredient(id, name) VALUES(24, 'heavy cream');
INSERT INTO ingredient(id, name) VALUES(25, 'salsa');
INSERT INTO ingredient(id, name) VALUES(26, 'marsala wine');
INSERT INTO ingredient(id, name) VALUES(27, 'tomato');
INSERT INTO ingredient(id, name) VALUES(28, 'white mushroom');
INSERT INTO ingredient_list(recipe_id, ingredient_id, amount) VALUES(4, 21, 12);
INSERT INTO ingredient_list(recipe_id, ingredient_id, amount) VALUES(4, 22, 1);
INSERT INTO ingredient_list(recipe_id, ingredient_id, amount) VALUES(4, 23, 13);
INSERT INTO ingredient_list(recipe_id, ingredient_id, amount) VALUES(4, 4, 12);
INSERT INTO ingredient_list(recipe_id, ingredient_id, amount) VALUES(4, 7, 4);
INSERT INTO ingredient_list(recipe_id, ingredient_id, amount) VALUES(4, 24, 15);
INSERT INTO ingredient_list(recipe_id, ingredient_id, amount) VALUES(4, 25, 3);
INSERT INTO ingredient_list(recipe_id, ingredient_id, amount) VALUES(4, 26, 4);
INSERT INTO ingredient_list(recipe_id, ingredient_id, amount) VALUES(4, 27, 7);
INSERT INTO ingredient_list(recipe_id, ingredient_id, amount) VALUES(4, 28, 20);
INSERT INTO ingredient_list(recipe_id, ingredient_id, amount) VALUES(4, 16, 16);
INSERT INTO recipe(id, name, people) VALUES(5, 'Easy Home Made Pasta Dough Recipe', 3);
INSERT INTO ingredient(id, name) VALUES(29, 'flour');
INSERT INTO ingredient(id, name) VALUES(30, 'olive oil');
INSERT INTO ingredient(id, name) VALUES(31, 'water');
INSERT INTO ingredient(id, name) VALUES(32, 'baking powder');
INSERT INTO ingredient(id, name) VALUES(33, 'pasta dough');
INSERT INTO ingredient_list(recipe_id, ingredient_id, amount) VALUES(5, 7, 3);
INSERT INTO ingredient_list(recipe_id, ingredient_id, amount) VALUES(5, 29, 6);
INSERT INTO ingredient_list(recipe_id, ingredient_id, amount) VALUES(5, 30, 8);
INSERT INTO ingredient_list(recipe_id, ingredient_id, amount) VALUES(5, 31, 2);
INSERT INTO ingredient_list(recipe_id, ingredient_id, amount) VALUES(5, 32, 10);
INSERT INTO ingredient_list(recipe_id, ingredient_id, amount) VALUES(5, 33, 16);
INSERT INTO recipe(id, name, people) VALUES(6, 'Fresh Pasta - Basic Pasta Dough Recipe', 3);
INSERT INTO ingredient(id, name) VALUES(34, 'wheat');
INSERT INTO ingredient_list(recipe_id, ingredient_id, amount) VALUES(6, 7, 14);
INSERT INTO ingredient_list(recipe_id, ingredient_id, amount) VALUES(6, 34, 14);
INSERT INTO recipe(id, name, people) VALUES(7, 'Filomena''s Pasta Fresca', 4);
INSERT INTO ingredient_list(recipe_id, ingredient_id, amount) VALUES(7, 7, 10);
INSERT INTO ingredient_list(recipe_id, ingredient_id, amount) VALUES(7, 29, 8);
INSERT INTO recipe(id, name, people) VALUES(8, 'Pasta Fazool (Pasta and Beans With Sausage)', 4);
INSERT INTO ingredient(id, name) VALUES(35, 'cayenne');
INSERT INTO ingredient(id, name) VALUES(36, 'oregano');
INSERT INTO ingredient(id, name) VALUES(37, 'thyme');
INSERT INTO ingredient(id, name) VALUES(38, 'parsley');
INSERT INTO ingredient(id, name) VALUES(39, 'ground beef');
INSERT INTO ingredient(id, name) VALUES(40, 'black pepper');
INSERT INTO ingredient(id, name) VALUES(41, 'sausage');
INSERT INTO ingredient(id, name) VALUES(42, 'kidney bean');
INSERT INTO ingredient(id, name) VALUES(43, 'parmesan cheese');
INSERT INTO ingredient(id, name) VALUES(44, 'penne');
INSERT INTO ingredient(id, name) VALUES(45, 'provolone cheese');
INSERT INTO ingredient(id, name) VALUES(46, 'tomato paste');
INSERT INTO ingredient_list(recipe_id, ingredient_id, amount) VALUES(8, 35, 14);
INSERT INTO ingredient_list(recipe_id, ingredient_id, amount) VALUES(8, 36, 17);
INSERT INTO ingredient_list(recipe_id, ingredient_id, amount) VALUES(8, 37, 3);
INSERT INTO ingredient_list(recipe_id, ingredient_id, amount) VALUES(8, 38, 1);
INSERT INTO ingredient_list(recipe_id, ingredient_id, amount) VALUES(8, 13, 6);
INSERT INTO ingredient_list(recipe_id, ingredient_id, amount) VALUES(8, 39, 4);
INSERT INTO ingredient_list(recipe_id, ingredient_id, amount) VALUES(8, 40, 8);
INSERT INTO ingredient_list(recipe_id, ingredient_id, amount) VALUES(8, 41, 16);
INSERT INTO ingredient_list(recipe_id, ingredient_id, amount) VALUES(8, 42, 2);
INSERT INTO ingredient_list(recipe_id, ingredient_id, amount) VALUES(8, 16, 12);
INSERT INTO ingredient_list(recipe_id, ingredient_id, amount) VALUES(8, 43, 17);
INSERT INTO ingredient_list(recipe_id, ingredient_id, amount) VALUES(8, 44, 9);
INSERT INTO ingredient_list(recipe_id, ingredient_id, amount) VALUES(8, 27, 5);
INSERT INTO ingredient_list(recipe_id, ingredient_id, amount) VALUES(8, 45, 10);
INSERT INTO ingredient_list(recipe_id, ingredient_id, amount) VALUES(8, 10, 9);
INSERT INTO ingredient_list(recipe_id, ingredient_id, amount) VALUES(8, 46, 16);
INSERT INTO recipe(id, name, people) VALUES(9, 'Ginger Champagne', 2);
INSERT INTO ingredient(id, name) VALUES(47, 'champagne');
INSERT INTO ingredient(id, name) VALUES(48, 'ginger');
INSERT INTO ingredient(id, name) VALUES(49, 'ice');
INSERT INTO ingredient(id, name) VALUES(50, 'vodka');
INSERT INTO ingredient_list(recipe_id, ingredient_id, amount) VALUES(9, 47, 13);
INSERT INTO ingredient_list(recipe_id, ingredient_id, amount) VALUES(9, 48, 10);
INSERT INTO ingredient_list(recipe_id, ingredient_id, amount) VALUES(9, 49, 17);
INSERT INTO ingredient_list(recipe_id, ingredient_id, amount) VALUES(9, 50, 7);
INSERT INTO recipe(id, name, people) VALUES(10, 'Potato and Cheese Frittata', 4);
INSERT INTO ingredient(id, name) VALUES(51, 'potato');
INSERT INTO ingredient_list(recipe_id, ingredient_id, amount) VALUES(10, 4, 5);
INSERT INTO ingredient_list(recipe_id, ingredient_id, amount) VALUES(10, 7, 0);
INSERT INTO ingredient_list(recipe_id, ingredient_id, amount) VALUES(10, 30, 7);
INSERT INTO ingredient_list(recipe_id, ingredient_id, amount) VALUES(10, 16, 3);
INSERT INTO ingredient_list(recipe_id, ingredient_id, amount) VALUES(10, 51, 16);
INSERT INTO ingredient_list(recipe_id, ingredient_id, amount) VALUES(10, 10, 2);
INSERT INTO recipe(id, name, people) VALUES(11, 'Eggnog Thumbprints', 3);
INSERT INTO ingredient(id, name) VALUES(52, 'brown sugar');
INSERT INTO ingredient(id, name) VALUES(53, 'powdered sugar');
INSERT INTO ingredient(id, name) VALUES(54, 'nutmeg');
INSERT INTO ingredient(id, name) VALUES(55, 'rum');
INSERT INTO ingredient(id, name) VALUES(56, 'vanilla extract');
INSERT INTO ingredient(id, name) VALUES(57, 'sugar');
INSERT INTO ingredient_list(recipe_id, ingredient_id, amount) VALUES(11, 52, 11);
INSERT INTO ingredient_list(recipe_id, ingredient_id, amount) VALUES(11, 22, 9);
INSERT INTO ingredient_list(recipe_id, ingredient_id, amount) VALUES(11, 53, 1);
INSERT INTO ingredient_list(recipe_id, ingredient_id, amount) VALUES(11, 7, 9);
INSERT INTO ingredient_list(recipe_id, ingredient_id, amount) VALUES(11, 29, 12);
INSERT INTO ingredient_list(recipe_id, ingredient_id, amount) VALUES(11, 54, 4);
INSERT INTO ingredient_list(recipe_id, ingredient_id, amount) VALUES(11, 55, 16);
INSERT INTO ingredient_list(recipe_id, ingredient_id, amount) VALUES(11, 10, 10);
INSERT INTO ingredient_list(recipe_id, ingredient_id, amount) VALUES(11, 56, 15);
INSERT INTO ingredient_list(recipe_id, ingredient_id, amount) VALUES(11, 57, 7);
INSERT INTO recipe(id, name, people) VALUES(12, 'Succulent Pork Roast', 3);
INSERT INTO ingredient(id, name) VALUES(58, 'pork chops');
INSERT INTO ingredient_list(recipe_id, ingredient_id, amount) VALUES(12, 52, 18);
INSERT INTO ingredient_list(recipe_id, ingredient_id, amount) VALUES(12, 13, 8);
INSERT INTO ingredient_list(recipe_id, ingredient_id, amount) VALUES(12, 58, 2);
INSERT INTO ingredient_list(recipe_id, ingredient_id, amount) VALUES(12, 31, 1);
INSERT INTO recipe(id, name, people) VALUES(13, 'Amazing Taco Seasoning', 3);
INSERT INTO ingredient(id, name) VALUES(59, 'chili powder');
INSERT INTO ingredient(id, name) VALUES(60, 'paprika');
INSERT INTO ingredient_list(recipe_id, ingredient_id, amount) VALUES(13, 35, 3);
INSERT INTO ingredient_list(recipe_id, ingredient_id, amount) VALUES(13, 59, 4);
INSERT INTO ingredient_list(recipe_id, ingredient_id, amount) VALUES(13, 12, 19);
INSERT INTO ingredient_list(recipe_id, ingredient_id, amount) VALUES(13, 6, 12);
INSERT INTO ingredient_list(recipe_id, ingredient_id, amount) VALUES(13, 29, 16);
INSERT INTO ingredient_list(recipe_id, ingredient_id, amount) VALUES(13, 8, 3);
INSERT INTO ingredient_list(recipe_id, ingredient_id, amount) VALUES(13, 36, 11);
INSERT INTO ingredient_list(recipe_id, ingredient_id, amount) VALUES(13, 60, 17);
INSERT INTO ingredient_list(recipe_id, ingredient_id, amount) VALUES(13, 10, 5);
INSERT INTO ingredient_list(recipe_id, ingredient_id, amount) VALUES(13, 57, 7);
INSERT INTO recipe(id, name, people) VALUES(14, 'Taco Bell Fire Sauce Clone Recipe', 3);
INSERT INTO ingredient(id, name) VALUES(61, 'chilli');
INSERT INTO ingredient(id, name) VALUES(62, 'garlic salt');
INSERT INTO ingredient(id, name) VALUES(63, 'white wine vinegar');
INSERT INTO ingredient_list(recipe_id, ingredient_id, amount) VALUES(14, 35, 15);
INSERT INTO ingredient_list(recipe_id, ingredient_id, amount) VALUES(14, 59, 17);
INSERT INTO ingredient_list(recipe_id, ingredient_id, amount) VALUES(14, 61, 5);
INSERT INTO ingredient_list(recipe_id, ingredient_id, amount) VALUES(14, 12, 0);
INSERT INTO ingredient_list(recipe_id, ingredient_id, amount) VALUES(14, 8, 1);
INSERT INTO ingredient_list(recipe_id, ingredient_id, amount) VALUES(14, 62, 17);
INSERT INTO ingredient_list(recipe_id, ingredient_id, amount) VALUES(14, 16, 4);
INSERT INTO ingredient_list(recipe_id, ingredient_id, amount) VALUES(14, 60, 9);
INSERT INTO ingredient_list(recipe_id, ingredient_id, amount) VALUES(14, 17, 15);
INSERT INTO ingredient_list(recipe_id, ingredient_id, amount) VALUES(14, 57, 19);
INSERT INTO ingredient_list(recipe_id, ingredient_id, amount) VALUES(14, 27, 11);
INSERT INTO ingredient_list(recipe_id, ingredient_id, amount) VALUES(14, 63, 17);
INSERT INTO recipe(id, name, people) VALUES(15, 'Catalina ''Taco'' Salad', 4);
INSERT INTO ingredient(id, name) VALUES(64, 'salad dressing');
INSERT INTO ingredient(id, name) VALUES(65, 'lettuce');
INSERT INTO ingredient(id, name) VALUES(66, 'tortilla chips');
INSERT INTO ingredient_list(recipe_id, ingredient_id, amount) VALUES(15, 64, 3);
INSERT INTO ingredient_list(recipe_id, ingredient_id, amount) VALUES(15, 4, 13);
INSERT INTO ingredient_list(recipe_id, ingredient_id, amount) VALUES(15, 39, 12);
INSERT INTO ingredient_list(recipe_id, ingredient_id, amount) VALUES(15, 65, 5);
INSERT INTO ingredient_list(recipe_id, ingredient_id, amount) VALUES(15, 16, 10);
INSERT INTO ingredient_list(recipe_id, ingredient_id, amount) VALUES(15, 66, 11);
INSERT INTO recipe(id, name, people) VALUES(16, 'The Taco Rack Grilled Tuna Tacos Recipe', 3);
INSERT INTO ingredient(id, name) VALUES(67, 'chili sauce');
INSERT INTO ingredient(id, name) VALUES(68, 'avocado');
INSERT INTO ingredient(id, name) VALUES(69, 'carrot');
INSERT INTO ingredient(id, name) VALUES(70, 'cucumber');
INSERT INTO ingredient(id, name) VALUES(71, 'daikon radish');
INSERT INTO ingredient(id, name) VALUES(72, 'lemon');
INSERT INTO ingredient(id, name) VALUES(73, 'mango');
INSERT INTO ingredient(id, name) VALUES(74, 'red onions');
INSERT INTO ingredient(id, name) VALUES(75, 'soy sauce');
INSERT INTO ingredient(id, name) VALUES(76, 'taco shells');
INSERT INTO ingredient(id, name) VALUES(77, 'lime juice');
INSERT INTO ingredient(id, name) VALUES(78, 'cracked black pepper');
INSERT INTO ingredient(id, name) VALUES(79, 'sesame seed');
INSERT INTO ingredient(id, name) VALUES(80, 'kosher salt');
INSERT INTO ingredient(id, name) VALUES(81, 'cilantro');
INSERT INTO ingredient(id, name) VALUES(82, 'thai basil');
INSERT INTO ingredient(id, name) VALUES(83, 'salad greens');
INSERT INTO ingredient(id, name) VALUES(84, 'tuna');
INSERT INTO ingredient(id, name) VALUES(85, 'watercress');
INSERT INTO ingredient(id, name) VALUES(86, 'steak');
INSERT INTO ingredient_list(recipe_id, ingredient_id, amount) VALUES(16, 67, 7);
INSERT INTO ingredient_list(recipe_id, ingredient_id, amount) VALUES(16, 68, 1);
INSERT INTO ingredient_list(recipe_id, ingredient_id, amount) VALUES(16, 69, 6);
INSERT INTO ingredient_list(recipe_id, ingredient_id, amount) VALUES(16, 70, 1);
INSERT INTO ingredient_list(recipe_id, ingredient_id, amount) VALUES(16, 71, 13);
INSERT INTO ingredient_list(recipe_id, ingredient_id, amount) VALUES(16, 48, 16);
INSERT INTO ingredient_list(recipe_id, ingredient_id, amount) VALUES(16, 72, 2);
INSERT INTO ingredient_list(recipe_id, ingredient_id, amount) VALUES(16, 73, 9);
INSERT INTO ingredient_list(recipe_id, ingredient_id, amount) VALUES(16, 74, 4);
INSERT INTO ingredient_list(recipe_id, ingredient_id, amount) VALUES(16, 10, 5);
INSERT INTO ingredient_list(recipe_id, ingredient_id, amount) VALUES(16, 75, 19);
INSERT INTO ingredient_list(recipe_id, ingredient_id, amount) VALUES(16, 76, 14);
INSERT INTO ingredient_list(recipe_id, ingredient_id, amount) VALUES(16, 77, 15);
INSERT INTO ingredient_list(recipe_id, ingredient_id, amount) VALUES(16, 30, 18);
INSERT INTO ingredient_list(recipe_id, ingredient_id, amount) VALUES(16, 78, 0);
INSERT INTO ingredient_list(recipe_id, ingredient_id, amount) VALUES(16, 79, 1);
INSERT INTO ingredient_list(recipe_id, ingredient_id, amount) VALUES(16, 80, 17);
INSERT INTO ingredient_list(recipe_id, ingredient_id, amount) VALUES(16, 81, 13);
INSERT INTO ingredient_list(recipe_id, ingredient_id, amount) VALUES(16, 82, 15);
INSERT INTO ingredient_list(recipe_id, ingredient_id, amount) VALUES(16, 64, 14);
INSERT INTO ingredient_list(recipe_id, ingredient_id, amount) VALUES(16, 83, 4);
INSERT INTO ingredient_list(recipe_id, ingredient_id, amount) VALUES(16, 25, 10);
INSERT INTO ingredient_list(recipe_id, ingredient_id, amount) VALUES(16, 84, 11);
INSERT INTO ingredient_list(recipe_id, ingredient_id, amount) VALUES(16, 48, 16);
INSERT INTO ingredient_list(recipe_id, ingredient_id, amount) VALUES(16, 15, 10);
INSERT INTO ingredient_list(recipe_id, ingredient_id, amount) VALUES(16, 85, 11);
INSERT INTO ingredient_list(recipe_id, ingredient_id, amount) VALUES(16, 86, 14);
